{
  "medias": {
    "faithfulness": 0.9483333333333335,
    "answer_relevancy": 0.5255180961659054,
    "context_recall": 0.7,
    "llm_context_precision_with_reference": 0.49999999995
  },
  "n_pares": 10
}