{
  "medias": {
    "faithfulness": 0.9650000000000001,
    "answer_relevancy": 0.5262342018140383,
    "context_recall": 0.7,
    "llm_context_precision_with_reference": 0.649999999935
  },
  "n_pares": 10
}